round,policy,microseconds,status
0,mapped,58.875,compensated
0,field,55.375,compensated
0,deny,41.542,denied
0,value,58.917,compensated
0,snapshot,65.583,compensated
0,undoscope,63.375,compensated
0,object,69.375,compensated
1,mapped,67.75,compensated
1,object,62.333,compensated
1,snapshot,64.875,compensated
1,value,58.833,compensated
1,undoscope,149.625,compensated
1,field,100.791,compensated
1,deny,51.292,denied
2,field,73.333,compensated
2,value,68.625,compensated
2,object,72.042,compensated
2,undoscope,68.458,compensated
2,mapped,68.916,compensated
2,snapshot,67.417,compensated
2,deny,54.709,denied
3,undoscope,80.625,compensated
3,value,73.0,compensated
3,deny,48.875,denied
3,field,70.75,compensated
3,object,66.959,compensated
3,snapshot,111.75,compensated
3,mapped,97.292,compensated
4,deny,53.625,denied
4,snapshot,94.166,compensated
4,mapped,68.25,compensated
4,field,70.584,compensated
4,value,60.291,compensated
4,object,66.834,compensated
4,undoscope,65.125,compensated
5,field,65.042,compensated
5,undoscope,75.292,compensated
5,deny,47.125,denied
5,object,71.333,compensated
5,snapshot,69.333,compensated
5,mapped,66.542,compensated
5,value,64.75,compensated
6,value,67.541,compensated
6,undoscope,63.541,compensated
6,deny,49.083,denied
6,object,66.375,compensated
6,snapshot,69.458,compensated
6,field,71.167,compensated
6,mapped,82.5,compensated
7,mapped,68.042,compensated
7,field,64.584,compensated
7,object,71.625,compensated
7,deny,50.167,denied
7,value,103.458,compensated
7,snapshot,76.334,compensated
7,undoscope,68.625,compensated
8,snapshot,91.333,compensated
8,deny,53.875,denied
8,undoscope,67.875,compensated
8,field,73.209,compensated
8,value,67.5,compensated
8,mapped,68.208,compensated
8,object,66.5,compensated
9,snapshot,77.333,compensated
9,undoscope,70.708,compensated
9,value,71.458,compensated
9,object,77.083,compensated
9,mapped,63.083,compensated
9,field,61.959,compensated
9,deny,67.417,denied
10,snapshot,69.667,compensated
10,deny,44.125,denied
10,value,68.416,compensated
10,undoscope,60.291,compensated
10,object,60.083,compensated
10,mapped,59.042,compensated
10,field,61.791,compensated
11,mapped,71.292,compensated
11,undoscope,59.167,compensated
11,deny,42.416,denied
11,snapshot,63.625,compensated
11,value,62.375,compensated
11,object,64.167,compensated
11,field,71.292,compensated
12,mapped,60.834,compensated
12,undoscope,64.333,compensated
12,deny,44.833,denied
12,object,78.167,compensated
12,value,66.583,compensated
12,field,68.417,compensated
12,snapshot,73.875,compensated
13,deny,40.0,denied
13,field,65.5,compensated
13,object,81.542,compensated
13,value,73.041,compensated
13,mapped,79.375,compensated
13,undoscope,81.917,compensated
13,snapshot,123.0,compensated
14,deny,64.709,denied
14,snapshot,79.208,compensated
14,object,82.959,compensated
14,mapped,67.958,compensated
14,undoscope,72.167,compensated
14,field,63.75,compensated
14,value,68.375,compensated
15,snapshot,81.042,compensated
15,mapped,61.333,compensated
15,object,66.459,compensated
15,field,68.542,compensated
15,value,66.375,compensated
15,deny,42.458,denied
15,undoscope,63.333,compensated
16,undoscope,69.417,compensated
16,snapshot,75.333,compensated
16,deny,69.333,denied
16,object,69.875,compensated
16,field,69.084,compensated
16,mapped,69.791,compensated
16,value,76.292,compensated
17,mapped,64.083,compensated
17,deny,44.417,denied
17,value,86.125,compensated
17,snapshot,100.666,compensated
17,object,71.125,compensated
17,undoscope,76.375,compensated
17,field,79.584,compensated
18,value,68.625,compensated
18,snapshot,67.25,compensated
18,mapped,64.458,compensated
18,deny,45.167,denied
18,field,71.042,compensated
18,undoscope,69.083,compensated
18,object,72.625,compensated
19,field,72.917,compensated
19,mapped,61.125,compensated
19,snapshot,76.959,compensated
19,deny,47.125,denied
19,undoscope,97.833,compensated
19,value,71.125,compensated
19,object,66.666,compensated
20,mapped,93.583,compensated
20,undoscope,83.333,compensated
20,field,68.667,compensated
20,object,57.416,compensated
20,deny,39.167,denied
20,value,66.709,compensated
20,snapshot,67.417,compensated
21,undoscope,64.375,compensated
21,object,72.542,compensated
21,snapshot,70.208,compensated
21,field,63.25,compensated
21,mapped,62.333,compensated
21,value,61.459,compensated
21,deny,48.5,denied
22,deny,63.625,denied
22,field,64.875,compensated
22,value,58.458,compensated
22,object,58.291,compensated
22,undoscope,58.875,compensated
22,snapshot,65.292,compensated
22,mapped,63.625,compensated
23,mapped,68.25,compensated
23,deny,48.125,denied
23,value,62.084,compensated
23,field,64.959,compensated
23,object,59.375,compensated
23,undoscope,63.042,compensated
23,snapshot,68.458,compensated
24,deny,41.666,denied
24,value,65.0,compensated
24,undoscope,58.583,compensated
24,field,68.542,compensated
24,snapshot,64.458,compensated
24,object,56.542,compensated
24,mapped,57.625,compensated
25,value,58.125,compensated
25,deny,43.083,denied
25,undoscope,59.0,compensated
25,object,65.25,compensated
25,mapped,71.125,compensated
25,snapshot,62.875,compensated
25,field,131.417,compensated
26,value,84.709,compensated
26,object,81.0,compensated
26,mapped,70.666,compensated
26,field,71.917,compensated
26,snapshot,75.625,compensated
26,undoscope,61.459,compensated
26,deny,51.958,denied
27,snapshot,73.041,compensated
27,undoscope,65.459,compensated
27,value,66.0,compensated
27,field,66.25,compensated
27,mapped,69.792,compensated
27,deny,43.584,denied
27,object,60.666,compensated
28,field,66.292,compensated
28,object,60.833,compensated
28,snapshot,72.375,compensated
28,deny,47.667,denied
28,undoscope,67.958,compensated
28,mapped,62.708,compensated
28,value,59.875,compensated
29,undoscope,62.709,compensated
29,mapped,58.708,compensated
29,value,66.833,compensated
29,snapshot,66.042,compensated
29,object,57.0,compensated
29,field,67.5,compensated
29,deny,43.25,denied
30,snapshot,68.25,compensated
30,object,58.125,compensated
30,deny,41.875,denied
30,value,63.083,compensated
30,field,64.0,compensated
30,mapped,61.125,compensated
30,undoscope,59.917,compensated
31,object,57.583,compensated
31,mapped,57.833,compensated
31,value,61.792,compensated
31,undoscope,66.958,compensated
31,field,70.5,compensated
31,snapshot,70.458,compensated
31,deny,43.875,denied
32,undoscope,59.292,compensated
32,value,58.125,compensated
32,object,56.917,compensated
32,snapshot,70.208,compensated
32,mapped,69.042,compensated
32,deny,222.083,denied
32,field,93.458,compensated
33,snapshot,75.958,compensated
33,undoscope,71.25,compensated
33,mapped,61.709,compensated
33,value,68.459,compensated
33,deny,41.917,denied
33,object,73.625,compensated
33,field,68.0,compensated
34,deny,38.958,denied
34,field,61.25,compensated
34,object,67.125,compensated
34,snapshot,76.375,compensated
34,mapped,71.917,compensated
34,undoscope,73.666,compensated
34,value,63.792,compensated
35,deny,52.708,denied
35,mapped,73.625,compensated
35,snapshot,66.125,compensated
35,field,63.125,compensated
35,undoscope,60.542,compensated
35,value,71.458,compensated
35,object,68.292,compensated
36,deny,41.083,denied
36,field,61.375,compensated
36,snapshot,65.208,compensated
36,object,77.042,compensated
36,mapped,75.375,compensated
36,value,76.709,compensated
36,undoscope,81.5,compensated
37,mapped,68.584,compensated
37,deny,41.75,denied
37,value,62.291,compensated
37,field,67.417,compensated
37,snapshot,81.042,compensated
37,object,71.583,compensated
37,undoscope,71.167,compensated
38,field,72.334,compensated
38,object,71.167,compensated
38,undoscope,229.542,compensated
38,snapshot,89.334,compensated
38,deny,70.125,denied
38,value,68.042,compensated
38,mapped,71.5,compensated
39,value,93.75,compensated
39,field,74.625,compensated
39,deny,50.084,denied
39,mapped,71.125,compensated
39,object,516.083,compensated
39,undoscope,64.25,compensated
39,snapshot,81.333,compensated
40,object,60.375,compensated
40,field,62.125,compensated
40,snapshot,76.5,compensated
40,deny,46.667,denied
40,undoscope,67.458,compensated
40,mapped,63.167,compensated
40,value,57.292,compensated
41,undoscope,56.542,compensated
41,deny,39.667,denied
41,object,73.625,compensated
41,field,59.167,compensated
41,snapshot,62.459,compensated
41,mapped,64.5,compensated
41,value,62.875,compensated
42,mapped,57.5,compensated
42,object,57.0,compensated
42,value,61.959,compensated
42,snapshot,68.0,compensated
42,deny,40.541,denied
42,undoscope,62.708,compensated
42,field,63.875,compensated
43,object,65.583,compensated
43,field,63.291,compensated
43,undoscope,68.083,compensated
43,value,118.167,compensated
43,mapped,74.708,compensated
43,deny,70.708,denied
43,snapshot,90.583,compensated
44,deny,81.334,denied
44,undoscope,109.459,compensated
44,mapped,72.167,compensated
44,object,67.459,compensated
44,value,65.375,compensated
44,snapshot,73.292,compensated
44,field,70.708,compensated
45,object,66.333,compensated
45,deny,40.541,denied
45,snapshot,65.584,compensated
45,mapped,67.375,compensated
45,undoscope,61.0,compensated
45,field,61.166,compensated
45,value,63.958,compensated
46,snapshot,69.959,compensated
46,value,63.833,compensated
46,mapped,68.666,compensated
46,undoscope,78.583,compensated
46,deny,48.5,denied
46,object,64.833,compensated
46,field,67.208,compensated
47,deny,46.167,denied
47,field,86.75,compensated
47,undoscope,73.0,compensated
47,snapshot,72.0,compensated
47,mapped,67.333,compensated
47,object,78.292,compensated
47,value,69.333,compensated
48,mapped,73.583,compensated
48,undoscope,91.083,compensated
48,value,65.917,compensated
48,snapshot,69.667,compensated
48,deny,42.917,denied
48,field,66.209,compensated
48,object,61.5,compensated
49,deny,39.667,denied
49,field,59.959,compensated
49,undoscope,67.5,compensated
49,value,70.0,compensated
49,snapshot,86.916,compensated
49,mapped,68.833,compensated
49,object,88.75,compensated
50,mapped,87.167,compensated
50,undoscope,136.084,compensated
50,snapshot,84.833,compensated
50,value,72.625,compensated
50,deny,50.375,denied
50,field,68.583,compensated
50,object,60.583,compensated
51,field,68.5,compensated
51,object,62.834,compensated
51,snapshot,79.834,compensated
51,deny,39.791,denied
51,undoscope,66.75,compensated
51,value,64.75,compensated
51,mapped,74.834,compensated
52,value,76.125,compensated
52,snapshot,70.875,compensated
52,object,69.75,compensated
52,mapped,66.959,compensated
52,undoscope,73.917,compensated
52,deny,50.042,denied
52,field,61.333,compensated
53,deny,42.375,denied
53,undoscope,66.833,compensated
53,object,60.542,compensated
53,value,81.75,compensated
53,field,70.375,compensated
53,mapped,66.791,compensated
53,snapshot,91.5,compensated
54,object,72.542,compensated
54,snapshot,73.75,compensated
54,value,93.042,compensated
54,deny,46.333,denied
54,field,70.875,compensated
54,undoscope,71.167,compensated
54,mapped,74.875,compensated
55,field,90.292,compensated
55,snapshot,259.75,compensated
55,mapped,100.084,compensated
55,undoscope,80.959,compensated
55,object,72.083,compensated
55,value,63.334,compensated
55,deny,55.333,denied
56,object,71.5,compensated
56,deny,45.458,denied
56,value,64.75,compensated
56,field,63.292,compensated
56,undoscope,60.833,compensated
56,mapped,59.042,compensated
56,snapshot,82.209,compensated
57,deny,44.375,denied
57,snapshot,64.834,compensated
57,undoscope,62.375,compensated
57,field,70.666,compensated
57,mapped,67.833,compensated
57,value,69.292,compensated
57,object,62.791,compensated
58,mapped,66.625,compensated
58,field,65.792,compensated
58,undoscope,62.167,compensated
58,value,67.584,compensated
58,snapshot,73.583,compensated
58,object,69.083,compensated
58,deny,43.083,denied
59,field,66.333,compensated
59,object,58.834,compensated
59,value,79.708,compensated
59,undoscope,79.708,compensated
59,mapped,77.625,compensated
59,deny,50.167,denied
59,snapshot,75.792,compensated
60,field,76.0,compensated
60,value,69.875,compensated
60,snapshot,72.875,compensated
60,object,65.209,compensated
60,mapped,65.459,compensated
60,deny,44.333,denied
60,undoscope,65.875,compensated
61,value,60.792,compensated
61,mapped,61.542,compensated
61,snapshot,163.75,compensated
61,object,235.584,compensated
61,field,181.5,compensated
61,deny,43.916,denied
61,undoscope,69.833,compensated
62,mapped,65.875,compensated
62,field,63.167,compensated
62,value,56.166,compensated
62,snapshot,66.666,compensated
62,undoscope,56.916,compensated
62,object,66.708,compensated
62,deny,50.333,denied
63,snapshot,81.042,compensated
63,deny,51.75,denied
63,object,67.916,compensated
63,value,72.791,compensated
63,mapped,64.167,compensated
63,field,54.75,compensated
63,undoscope,64.917,compensated
64,undoscope,60.625,compensated
64,mapped,76.791,compensated
64,field,64.375,compensated
64,value,59.458,compensated
64,deny,44.375,denied
64,object,74.708,compensated
64,snapshot,71.75,compensated
65,undoscope,65.375,compensated
65,mapped,61.917,compensated
65,field,72.166,compensated
65,deny,42.459,denied
65,snapshot,69.417,compensated
65,object,56.917,compensated
65,value,59.958,compensated
66,value,59.375,compensated
66,snapshot,63.417,compensated
66,mapped,66.459,compensated
66,field,69.708,compensated
66,deny,39.0,denied
66,undoscope,69.792,compensated
66,object,70.709,compensated
67,undoscope,64.708,compensated
67,value,67.125,compensated
67,mapped,60.583,compensated
67,deny,41.042,denied
67,object,117.292,compensated
67,snapshot,81.584,compensated
67,field,76.958,compensated
68,object,77.25,compensated
68,mapped,68.292,compensated
68,undoscope,74.25,compensated
68,value,71.208,compensated
68,field,71.75,compensated
68,deny,51.792,denied
68,snapshot,72.042,compensated
69,mapped,106.958,compensated
69,snapshot,77.5,compensated
69,undoscope,76.833,compensated
69,value,62.708,compensated
69,deny,46.375,denied
69,field,73.042,compensated
69,object,68.083,compensated
70,value,61.334,compensated
70,object,61.459,compensated
70,snapshot,80.375,compensated
70,deny,45.292,denied
70,mapped,72.833,compensated
70,field,87.209,compensated
70,undoscope,66.916,compensated
71,mapped,67.25,compensated
71,object,97.542,compensated
71,deny,52.625,denied
71,undoscope,78.458,compensated
71,value,70.75,compensated
71,snapshot,68.875,compensated
71,field,67.583,compensated
72,undoscope,62.458,compensated
72,object,68.125,compensated
72,field,64.167,compensated
72,deny,44.125,denied
72,value,67.084,compensated
72,snapshot,73.333,compensated
72,mapped,68.209,compensated
73,field,61.25,compensated
73,value,142.959,compensated
73,deny,60.958,denied
73,object,84.958,compensated
73,snapshot,68.792,compensated
73,mapped,64.75,compensated
73,undoscope,76.458,compensated
74,deny,41.625,denied
74,undoscope,60.708,compensated
74,snapshot,74.0,compensated
74,field,65.666,compensated
74,value,63.958,compensated
74,object,72.709,compensated
74,mapped,66.959,compensated
75,deny,42.167,denied
75,undoscope,63.917,compensated
75,object,77.375,compensated
75,mapped,67.875,compensated
75,field,68.459,compensated
75,snapshot,73.875,compensated
75,value,63.0,compensated
76,mapped,60.792,compensated
76,field,68.917,compensated
76,deny,42.541,denied
76,snapshot,75.125,compensated
76,undoscope,61.791,compensated
76,value,66.875,compensated
76,object,69.667,compensated
77,deny,40.417,denied
77,mapped,66.042,compensated
77,field,78.958,compensated
77,object,77.417,compensated
77,snapshot,84.25,compensated
77,undoscope,73.375,compensated
77,value,66.083,compensated
78,undoscope,68.125,compensated
78,field,61.583,compensated
78,snapshot,75.625,compensated
78,value,68.666,compensated
78,mapped,71.75,compensated
78,object,71.209,compensated
78,deny,47.958,denied
79,undoscope,67.333,compensated
79,snapshot,148.75,compensated
79,object,62.416,compensated
79,value,73.584,compensated
79,field,84.375,compensated
79,mapped,71.083,compensated
79,deny,41.0,denied
80,value,71.917,compensated
80,deny,46.75,denied
80,snapshot,73.708,compensated
80,field,62.417,compensated
80,undoscope,63.834,compensated
80,object,61.0,compensated
80,mapped,66.625,compensated
81,value,66.625,compensated
81,field,59.167,compensated
81,undoscope,59.166,compensated
81,mapped,61.542,compensated
81,object,71.166,compensated
81,snapshot,69.416,compensated
81,deny,46.084,denied
82,mapped,75.75,compensated
82,snapshot,62.834,compensated
82,value,59.25,compensated
82,deny,41.875,denied
82,object,59.167,compensated
82,field,58.25,compensated
82,undoscope,58.917,compensated
83,deny,43.792,denied
83,snapshot,71.375,compensated
83,object,59.334,compensated
83,value,60.625,compensated
83,undoscope,60.417,compensated
83,mapped,58.333,compensated
83,field,65.292,compensated
84,undoscope,59.875,compensated
84,deny,43.459,denied
84,object,65.459,compensated
84,snapshot,69.75,compensated
84,mapped,63.083,compensated
84,value,58.5,compensated
84,field,64.125,compensated
85,undoscope,59.792,compensated
85,deny,44.209,denied
85,mapped,133.542,compensated
85,snapshot,118.791,compensated
85,object,203.416,compensated
85,field,76.0,compensated
85,value,75.125,compensated
86,mapped,71.667,compensated
86,undoscope,67.375,compensated
86,value,69.042,compensated
86,deny,44.209,denied
86,object,70.667,compensated
86,field,70.667,compensated
86,snapshot,78.125,compensated
87,snapshot,68.959,compensated
87,value,75.667,compensated
87,mapped,71.833,compensated
87,undoscope,81.292,compensated
87,deny,54.875,denied
87,field,70.042,compensated
87,object,70.291,compensated
88,field,66.709,compensated
88,mapped,64.417,compensated
88,deny,167.792,denied
88,undoscope,71.709,compensated
88,value,91.0,compensated
88,object,66.875,compensated
88,snapshot,72.375,compensated
89,value,68.375,compensated
89,object,68.792,compensated
89,field,66.708,compensated
89,mapped,62.791,compensated
89,snapshot,78.5,compensated
89,undoscope,66.292,compensated
89,deny,43.083,denied
90,value,80.209,compensated
90,field,177.167,compensated
90,snapshot,82.708,compensated
90,undoscope,79.834,compensated
90,object,116.958,compensated
90,deny,56.333,denied
90,mapped,71.375,compensated
91,field,80.792,compensated
91,deny,45.125,denied
91,undoscope,69.084,compensated
91,mapped,82.834,compensated
91,snapshot,76.125,compensated
91,object,71.292,compensated
91,value,67.708,compensated
92,mapped,65.0,compensated
92,deny,47.75,denied
92,value,63.833,compensated
92,undoscope,65.583,compensated
92,field,60.333,compensated
92,snapshot,67.166,compensated
92,object,80.334,compensated
93,deny,43.292,denied
93,undoscope,67.292,compensated
93,value,74.083,compensated
93,object,61.666,compensated
93,field,61.958,compensated
93,mapped,61.167,compensated
93,snapshot,77.292,compensated
94,value,63.166,compensated
94,mapped,67.167,compensated
94,undoscope,67.292,compensated
94,snapshot,73.416,compensated
94,object,61.125,compensated
94,field,68.833,compensated
94,deny,47.125,denied
95,field,63.125,compensated
95,object,66.667,compensated
95,mapped,59.417,compensated
95,snapshot,115.875,compensated
95,value,68.791,compensated
95,deny,46.25,denied
95,undoscope,64.625,compensated
96,object,63.375,compensated
96,deny,53.584,denied
96,value,69.5,compensated
96,field,309.583,compensated
96,mapped,80.792,compensated
96,undoscope,81.042,compensated
96,snapshot,101.834,compensated
97,value,65.542,compensated
97,snapshot,654.75,compensated
97,mapped,66.666,compensated
97,field,62.333,compensated
97,deny,37.709,denied
97,object,63.75,compensated
97,undoscope,72.375,compensated
98,snapshot,85.041,compensated
98,field,78.666,compensated
98,value,67.917,compensated
98,mapped,63.125,compensated
98,deny,44.917,denied
98,undoscope,69.959,compensated
98,object,62.167,compensated
99,snapshot,67.5,compensated
99,undoscope,63.25,compensated
99,field,65.708,compensated
99,object,75.25,compensated
99,mapped,67.083,compensated
99,deny,42.041,denied
99,value,92.292,compensated
100,undoscope,62.041,compensated
100,deny,56.125,denied
100,object,67.708,compensated
100,field,66.708,compensated
100,value,71.459,compensated
100,snapshot,81.334,compensated
100,mapped,72.959,compensated
101,field,72.083,compensated
101,mapped,73.583,compensated
101,undoscope,74.625,compensated
101,object,67.833,compensated
101,value,67.292,compensated
101,deny,41.125,denied
101,snapshot,79.25,compensated
102,field,75.291,compensated
102,deny,169.916,denied
102,value,80.875,compensated
102,mapped,70.75,compensated
102,snapshot,70.833,compensated
102,undoscope,67.583,compensated
102,object,67.875,compensated
103,field,72.667,compensated
103,snapshot,74.208,compensated
103,deny,47.25,denied
103,undoscope,68.875,compensated
103,object,63.209,compensated
103,value,67.042,compensated
103,mapped,71.459,compensated
104,field,63.208,compensated
104,object,62.5,compensated
104,snapshot,71.708,compensated
104,mapped,65.75,compensated
104,value,72.666,compensated
104,deny,44.583,denied
104,undoscope,61.333,compensated
105,field,66.417,compensated
105,snapshot,66.958,compensated
105,value,64.834,compensated
105,undoscope,70.417,compensated
105,object,62.292,compensated
105,deny,50.291,denied
105,mapped,62.541,compensated
106,mapped,74.417,compensated
106,field,79.917,compensated
106,deny,59.0,denied
106,snapshot,78.334,compensated
106,undoscope,61.625,compensated
106,object,57.083,compensated
106,value,62.5,compensated
107,mapped,64.291,compensated
107,object,67.0,compensated
107,snapshot,68.875,compensated
107,undoscope,68.75,compensated
107,field,61.917,compensated
107,deny,42.541,denied
107,value,139.833,compensated
108,field,69.042,compensated
108,mapped,92.291,compensated
108,value,79.042,compensated
108,deny,42.583,denied
108,object,68.417,compensated
108,undoscope,64.875,compensated
108,snapshot,70.375,compensated
109,snapshot,65.916,compensated
109,undoscope,60.125,compensated
109,value,66.5,compensated
109,field,65.625,compensated
109,object,62.125,compensated
109,deny,48.916,denied
109,mapped,60.917,compensated
110,snapshot,68.5,compensated
110,deny,56.75,denied
110,value,76.291,compensated
110,mapped,65.792,compensated
110,field,62.041,compensated
110,undoscope,65.959,compensated
110,object,60.333,compensated
111,snapshot,72.208,compensated
111,deny,46.458,denied
111,value,572.583,compensated
111,field,73.625,compensated
111,undoscope,77.167,compensated
111,mapped,66.25,compensated
111,object,75.0,compensated
112,undoscope,74.25,compensated
112,object,85.209,compensated
112,deny,42.417,denied
112,mapped,66.209,compensated
112,value,62.75,compensated
112,snapshot,195.084,compensated
112,field,67.958,compensated
113,field,107.0,compensated
113,snapshot,143.958,compensated
113,undoscope,64.625,compensated
113,deny,57.208,denied
113,object,82.25,compensated
113,value,66.666,compensated
113,mapped,83.5,compensated
114,field,74.416,compensated
114,value,62.417,compensated
114,mapped,63.709,compensated
114,undoscope,72.209,compensated
114,deny,50.708,denied
114,snapshot,69.416,compensated
114,object,69.958,compensated
115,snapshot,73.917,compensated
115,undoscope,66.083,compensated
115,field,67.583,compensated
115,object,67.041,compensated
115,value,65.167,compensated
115,mapped,69.834,compensated
115,deny,56.875,denied
116,snapshot,72.458,compensated
116,value,65.167,compensated
116,undoscope,59.333,compensated
116,mapped,60.042,compensated
116,object,58.417,compensated
116,deny,50.125,denied
116,field,67.625,compensated
117,undoscope,59.417,compensated
117,value,64.209,compensated
117,snapshot,59.916,compensated
117,object,57.958,compensated
117,mapped,61.416,compensated
117,field,65.333,compensated
117,deny,40.625,denied
118,deny,47.0,denied
118,object,61.375,compensated
118,field,64.833,compensated
118,undoscope,57.667,compensated
118,snapshot,66.209,compensated
118,mapped,62.042,compensated
118,value,63.208,compensated
119,mapped,65.25,compensated
119,snapshot,68.458,compensated
119,object,59.459,compensated
119,deny,43.25,denied
119,undoscope,66.333,compensated
119,value,72.125,compensated
119,field,215.416,compensated
120,value,204.875,compensated
120,object,80.209,compensated
120,mapped,73.459,compensated
120,undoscope,67.667,compensated
120,field,74.625,compensated
120,snapshot,76.333,compensated
120,deny,51.75,denied
121,value,68.334,compensated
121,object,63.375,compensated
121,undoscope,64.208,compensated
121,mapped,69.167,compensated
121,snapshot,73.959,compensated
121,field,66.375,compensated
121,deny,48.125,denied
122,mapped,66.75,compensated
122,object,66.542,compensated
122,snapshot,73.875,compensated
122,undoscope,63.167,compensated
122,value,70.5,compensated
122,deny,41.667,denied
122,field,64.709,compensated
123,undoscope,67.125,compensated
123,mapped,63.083,compensated
123,value,59.75,compensated
123,field,66.292,compensated
123,object,66.708,compensated
123,snapshot,74.458,compensated
123,deny,43.333,denied
124,value,79.834,compensated
124,snapshot,71.875,compensated
124,object,65.583,compensated
124,deny,48.25,denied
124,mapped,60.291,compensated
124,field,65.25,compensated
124,undoscope,61.25,compensated
125,field,65.333,compensated
125,undoscope,79.625,compensated
125,value,75.209,compensated
125,mapped,69.792,compensated
125,snapshot,145.833,compensated
125,object,95.042,compensated
125,deny,69.334,denied
126,field,72.709,compensated
126,object,70.417,compensated
126,deny,46.791,denied
126,snapshot,84.0,compensated
126,value,74.375,compensated
126,undoscope,77.75,compensated
126,mapped,66.0,compensated
127,mapped,67.5,compensated
127,object,81.042,compensated
127,undoscope,66.459,compensated
127,value,70.083,compensated
127,snapshot,78.0,compensated
127,deny,47.75,denied
127,field,85.708,compensated
128,deny,51.708,denied
128,field,68.416,compensated
128,mapped,75.666,compensated
128,object,67.417,compensated
128,value,67.875,compensated
128,snapshot,82.125,compensated
128,undoscope,62.333,compensated
129,object,79.167,compensated
129,deny,53.5,denied
129,mapped,64.792,compensated
129,undoscope,65.542,compensated
129,field,71.583,compensated
129,value,63.083,compensated
129,snapshot,83.417,compensated
130,deny,75.0,denied
130,undoscope,63.875,compensated
130,snapshot,100.542,compensated
130,mapped,85.791,compensated
130,field,70.125,compensated
130,value,70.542,compensated
130,object,63.166,compensated
131,snapshot,80.167,compensated
131,value,125.125,compensated
131,mapped,86.833,compensated
131,undoscope,123.25,compensated
131,field,86.792,compensated
131,object,70.75,compensated
131,deny,48.625,denied
132,field,77.458,compensated
132,deny,48.083,denied
132,undoscope,69.333,compensated
132,value,69.541,compensated
132,object,65.916,compensated
132,mapped,63.875,compensated
132,snapshot,71.0,compensated
133,field,65.458,compensated
133,mapped,66.625,compensated
133,value,65.167,compensated
133,undoscope,69.625,compensated
133,object,70.917,compensated
133,deny,48.917,denied
133,snapshot,81.125,compensated
134,deny,65.542,denied
134,snapshot,77.833,compensated
134,mapped,70.417,compensated
134,value,68.041,compensated
134,undoscope,67.333,compensated
134,field,64.791,compensated
134,object,64.375,compensated
135,value,65.375,compensated
135,object,60.542,compensated
135,mapped,74.959,compensated
135,snapshot,78.125,compensated
135,field,65.25,compensated
135,undoscope,61.167,compensated
135,deny,49.542,denied
136,deny,50.333,denied
136,snapshot,69.958,compensated
136,mapped,79.125,compensated
136,field,71.875,compensated
136,object,68.875,compensated
136,undoscope,64.125,compensated
136,value,65.583,compensated
137,snapshot,86.958,compensated
137,undoscope,85.875,compensated
137,field,121.625,compensated
137,deny,47.875,denied
137,object,84.75,compensated
137,mapped,69.084,compensated
137,value,70.25,compensated
138,mapped,63.0,compensated
138,snapshot,76.833,compensated
138,object,71.792,compensated
138,deny,53.25,denied
138,value,66.708,compensated
138,field,69.5,compensated
138,undoscope,61.834,compensated
139,undoscope,67.042,compensated
139,object,65.667,compensated
139,snapshot,75.5,compensated
139,mapped,65.792,compensated
139,deny,46.416,denied
139,field,99.416,compensated
139,value,74.083,compensated
140,undoscope,70.041,compensated
140,mapped,68.666,compensated
140,field,64.25,compensated
140,value,61.333,compensated
140,object,63.875,compensated
140,deny,44.5,denied
140,snapshot,63.25,compensated
141,snapshot,61.75,compensated
141,field,61.792,compensated
141,undoscope,64.584,compensated
141,mapped,63.084,compensated
141,deny,41.25,denied
141,value,63.875,compensated
141,object,65.417,compensated
142,mapped,81.334,compensated
142,object,287.542,compensated
142,undoscope,116.5,compensated
142,field,69.458,compensated
142,value,76.125,compensated
142,snapshot,80.875,compensated
142,deny,49.583,denied
143,field,70.292,compensated
143,undoscope,68.334,compensated
143,snapshot,74.5,compensated
143,mapped,63.417,compensated
143,object,75.917,compensated
143,deny,49.333,denied
143,value,69.334,compensated
144,mapped,67.875,compensated
144,object,64.5,compensated
144,field,62.833,compensated
144,undoscope,66.25,compensated
144,value,67.0,compensated
144,snapshot,72.083,compensated
144,deny,43.459,denied
145,value,67.417,compensated
145,mapped,64.458,compensated
145,field,63.375,compensated
145,undoscope,61.458,compensated
145,object,85.5,compensated
145,deny,49.791,denied
145,snapshot,76.5,compensated
146,value,69.042,compensated
146,field,67.625,compensated
146,mapped,67.209,compensated
146,snapshot,70.25,compensated
146,deny,59.917,denied
146,undoscope,78.291,compensated
146,object,78.5,compensated
147,field,67.291,compensated
147,deny,48.041,denied
147,object,78.167,compensated
147,mapped,67.667,compensated
147,snapshot,68.291,compensated
147,value,191.25,compensated
147,undoscope,86.75,compensated
148,deny,55.208,denied
148,value,85.667,compensated
148,mapped,71.666,compensated
148,field,70.542,compensated
148,object,68.292,compensated
148,snapshot,76.209,compensated
148,undoscope,62.458,compensated
149,undoscope,61.708,compensated
149,mapped,68.041,compensated
149,field,70.25,compensated
149,value,84.166,compensated
149,snapshot,73.417,compensated
149,object,79.042,compensated
149,deny,41.25,denied
150,value,60.458,compensated
150,deny,45.0,denied
150,field,66.958,compensated
150,undoscope,63.541,compensated
150,mapped,81.334,compensated
150,snapshot,72.834,compensated
150,object,71.916,compensated
151,snapshot,73.583,compensated
151,object,69.042,compensated
151,deny,42.208,denied
151,undoscope,65.417,compensated
151,field,66.25,compensated
151,mapped,65.333,compensated
151,value,69.833,compensated
152,snapshot,75.208,compensated
152,field,67.708,compensated
152,mapped,65.375,compensated
152,deny,46.625,denied
152,object,66.375,compensated
152,value,66.166,compensated
152,undoscope,74.042,compensated
153,snapshot,70.0,compensated
153,deny,52.083,denied
153,field,83.167,compensated
153,mapped,66.792,compensated
153,undoscope,68.958,compensated
153,value,70.417,compensated
153,object,67.75,compensated
154,mapped,111.0,compensated
154,deny,44.792,denied
154,undoscope,76.0,compensated
154,object,67.667,compensated
154,field,58.75,compensated
154,snapshot,66.417,compensated
154,value,60.375,compensated
155,value,66.375,compensated
155,deny,42.125,denied
155,snapshot,62.208,compensated
155,mapped,61.875,compensated
155,object,61.458,compensated
155,undoscope,62.417,compensated
155,field,67.333,compensated
156,snapshot,72.25,compensated
156,object,64.791,compensated
156,value,72.084,compensated
156,deny,48.667,denied
156,field,68.625,compensated
156,undoscope,66.458,compensated
156,mapped,65.042,compensated
157,mapped,69.75,compensated
157,snapshot,73.833,compensated
157,deny,45.667,denied
157,field,73.917,compensated
157,undoscope,64.917,compensated
157,object,65.916,compensated
157,value,90.75,compensated
158,snapshot,91.417,compensated
158,field,79.791,compensated
158,undoscope,72.959,compensated
158,mapped,64.25,compensated
158,value,74.25,compensated
158,deny,60.833,denied
158,object,63.5,compensated
159,snapshot,75.958,compensated
159,mapped,68.333,compensated
159,undoscope,63.166,compensated
159,field,62.042,compensated
159,deny,225.166,denied
159,value,98.042,compensated
159,object,66.291,compensated
160,snapshot,108.792,compensated
160,object,79.334,compensated
160,value,71.084,compensated
160,mapped,66.583,compensated
160,deny,47.292,denied
160,field,61.041,compensated
160,undoscope,65.833,compensated
161,deny,50.042,denied
161,mapped,63.709,compensated
161,field,75.042,compensated
161,undoscope,64.833,compensated
161,value,56.666,compensated
161,snapshot,63.084,compensated
161,object,63.792,compensated
162,undoscope,72.667,compensated
162,snapshot,71.25,compensated
162,object,66.958,compensated
162,mapped,65.833,compensated
162,deny,45.542,denied
162,value,65.0,compensated
162,field,58.375,compensated
163,value,62.75,compensated
163,mapped,63.625,compensated
163,object,60.375,compensated
163,undoscope,64.166,compensated
163,field,68.333,compensated
163,deny,50.958,denied
163,snapshot,71.875,compensated
164,mapped,69.25,compensated
164,field,66.5,compensated
164,value,62.958,compensated
164,snapshot,64.25,compensated
164,deny,43.25,denied
164,object,65.541,compensated
164,undoscope,70.541,compensated
165,object,66.458,compensated
165,undoscope,63.916,compensated
165,mapped,74.917,compensated
165,value,64.125,compensated
165,field,68.209,compensated
165,snapshot,192.125,compensated
165,deny,82.75,denied
166,deny,59.75,denied
166,snapshot,78.709,compensated
166,undoscope,101.542,compensated
166,mapped,71.75,compensated
166,object,79.5,compensated
166,value,70.959,compensated
166,field,72.334,compensated
167,field,74.417,compensated
167,undoscope,145.833,compensated
167,deny,52.542,denied
167,mapped,79.875,compensated
167,object,102.0,compensated
167,value,74.334,compensated
167,snapshot,85.042,compensated
168,field,68.958,compensated
168,deny,43.667,denied
168,mapped,70.792,compensated
168,object,73.833,compensated
168,snapshot,108.0,compensated
168,undoscope,77.5,compensated
168,value,89.25,compensated
169,object,87.834,compensated
169,value,76.083,compensated
169,undoscope,70.042,compensated
169,snapshot,79.333,compensated
169,deny,51.25,denied
169,field,69.584,compensated
169,mapped,68.834,compensated
170,deny,40.791,denied
170,object,73.083,compensated
170,value,63.542,compensated
170,field,64.583,compensated
170,snapshot,71.916,compensated
170,undoscope,237.167,compensated
170,mapped,215.459,compensated
171,undoscope,208.125,compensated
171,mapped,95.083,compensated
171,object,77.0,compensated
171,deny,54.833,denied
171,value,67.791,compensated
171,snapshot,75.458,compensated
171,field,75.333,compensated
172,field,65.792,compensated
172,value,69.416,compensated
172,mapped,76.417,compensated
172,snapshot,71.584,compensated
172,undoscope,76.25,compensated
172,object,99.0,compensated
172,deny,42.0,denied
173,snapshot,79.125,compensated
173,object,71.75,compensated
173,value,67.959,compensated
173,deny,46.625,denied
173,undoscope,76.333,compensated
173,mapped,69.792,compensated
173,field,64.0,compensated
174,deny,42.292,denied
174,field,121.084,compensated
174,value,85.167,compensated
174,object,69.0,compensated
174,undoscope,67.709,compensated
174,snapshot,74.709,compensated
174,mapped,73.25,compensated
175,snapshot,81.708,compensated
175,object,101.583,compensated
175,deny,54.792,denied
175,field,76.375,compensated
175,undoscope,80.625,compensated
175,value,65.083,compensated
175,mapped,152.75,compensated
176,value,138.292,compensated
176,field,119.625,compensated
176,object,113.375,compensated
176,snapshot,78.958,compensated
176,deny,56.5,denied
176,undoscope,98.709,compensated
176,mapped,78.583,compensated
177,undoscope,65.792,compensated
177,deny,158.208,denied
177,object,67.625,compensated
177,value,65.667,compensated
177,mapped,67.5,compensated
177,field,84.834,compensated
177,snapshot,77.0,compensated
178,object,70.417,compensated
178,field,72.292,compensated
178,snapshot,78.083,compensated
178,undoscope,66.583,compensated
178,deny,48.875,denied
178,mapped,68.0,compensated
178,value,70.291,compensated
179,value,192.958,compensated
179,deny,53.375,denied
179,undoscope,75.083,compensated
179,object,75.125,compensated
179,mapped,161.5,compensated
179,snapshot,72.417,compensated
179,field,97.375,compensated
180,object,89.333,compensated
180,value,73.333,compensated
180,field,72.75,compensated
180,snapshot,78.625,compensated
180,deny,48.875,denied
180,mapped,75.0,compensated
180,undoscope,112.542,compensated
181,value,181.25,compensated
181,object,79.125,compensated
181,deny,84.875,denied
181,undoscope,86.5,compensated
181,field,71.208,compensated
181,snapshot,79.875,compensated
181,mapped,70.666,compensated
182,value,78.833,compensated
182,field,69.542,compensated
182,deny,48.334,denied
182,mapped,69.917,compensated
182,snapshot,84.375,compensated
182,object,67.25,compensated
182,undoscope,70.125,compensated
183,field,65.792,compensated
183,mapped,72.125,compensated
183,object,71.917,compensated
183,value,62.958,compensated
183,deny,52.25,denied
183,snapshot,78.0,compensated
183,undoscope,68.25,compensated
184,value,70.958,compensated
184,object,65.792,compensated
184,snapshot,78.041,compensated
184,field,75.375,compensated
184,undoscope,67.625,compensated
184,mapped,70.334,compensated
184,deny,48.292,denied
185,mapped,69.833,compensated
185,undoscope,119.833,compensated
185,value,389.833,compensated
185,object,101.0,compensated
185,snapshot,121.916,compensated
185,field,135.583,compensated
185,deny,120.208,denied
186,deny,54.917,denied
186,object,103.0,compensated
186,undoscope,180.541,compensated
186,snapshot,209.417,compensated
186,field,126.042,compensated
186,value,178.042,compensated
186,mapped,297.0,compensated
187,object,107.333,compensated
187,snapshot,132.75,compensated
187,value,159.75,compensated
187,field,251.125,compensated
187,undoscope,248.75,compensated
187,deny,172.333,denied
187,mapped,282.166,compensated
188,undoscope,116.292,compensated
188,object,187.042,compensated
188,field,370.667,compensated
188,mapped,165.875,compensated
188,value,87.958,compensated
188,deny,148.709,denied
188,snapshot,172.5,compensated
189,snapshot,76.792,compensated
189,undoscope,122.334,compensated
189,field,168.792,compensated
189,mapped,577.041,compensated
189,value,195.833,compensated
189,deny,177.167,denied
189,object,139.5,compensated
190,object,126.584,compensated
190,deny,75.417,denied
190,field,86.791,compensated
190,mapped,83.542,compensated
190,undoscope,218.167,compensated
190,value,128.333,compensated
190,snapshot,111.75,compensated
191,undoscope,255.5,compensated
191,deny,81.042,denied
191,snapshot,158.333,compensated
191,value,70.291,compensated
191,mapped,69.542,compensated
191,object,70.542,compensated
191,field,88.667,compensated
192,field,86.542,compensated
192,value,74.125,compensated
192,undoscope,84.708,compensated
192,snapshot,85.667,compensated
192,mapped,71.583,compensated
192,deny,55.417,denied
192,object,71.084,compensated
193,field,237.334,compensated
193,value,73.625,compensated
193,undoscope,94.292,compensated
193,mapped,140.583,compensated
193,object,74.292,compensated
193,snapshot,179.666,compensated
193,deny,92.917,denied
194,deny,174.25,denied
194,field,123.333,compensated
194,value,156.0,compensated
194,undoscope,255.75,compensated
194,snapshot,152.792,compensated
194,object,84.417,compensated
194,mapped,91.292,compensated
195,undoscope,70.0,compensated
195,mapped,70.75,compensated
195,value,71.041,compensated
195,deny,47.583,denied
195,field,82.416,compensated
195,snapshot,86.167,compensated
195,object,74.041,compensated
196,snapshot,73.75,compensated
196,field,72.834,compensated
196,object,77.917,compensated
196,mapped,72.916,compensated
196,deny,59.167,denied
196,undoscope,93.458,compensated
196,value,103.125,compensated
197,deny,50.0,denied
197,field,83.0,compensated
197,object,76.209,compensated
197,value,73.833,compensated
197,undoscope,73.458,compensated
197,mapped,71.166,compensated
197,snapshot,80.917,compensated
198,mapped,106.75,compensated
198,undoscope,75.959,compensated
198,snapshot,71.167,compensated
198,object,78.25,compensated
198,field,67.625,compensated
198,value,69.25,compensated
198,deny,47.416,denied
199,value,66.583,compensated
199,undoscope,69.208,compensated
199,field,71.542,compensated
199,mapped,83.666,compensated
199,snapshot,109.166,compensated
199,deny,65.833,denied
199,object,174.708,compensated
200,value,211.083,compensated
200,undoscope,112.167,compensated
200,deny,130.791,denied
200,object,153.167,compensated
200,snapshot,85.333,compensated
200,mapped,221.292,compensated
200,field,76.167,compensated
201,field,122.583,compensated
201,undoscope,105.917,compensated
201,deny,71.792,denied
201,snapshot,123.625,compensated
201,object,87.333,compensated
201,mapped,87.958,compensated
201,value,107.458,compensated
202,undoscope,140.75,compensated
202,deny,137.25,denied
202,value,278.5,compensated
202,snapshot,95.25,compensated
202,object,85.167,compensated
202,field,87.916,compensated
202,mapped,70.041,compensated
203,snapshot,70.917,compensated
203,mapped,71.458,compensated
203,value,70.125,compensated
203,field,68.209,compensated
203,deny,52.125,denied
203,object,77.583,compensated
203,undoscope,90.75,compensated
204,snapshot,86.625,compensated
204,undoscope,77.125,compensated
204,object,71.167,compensated
204,mapped,67.25,compensated
204,field,74.666,compensated
204,value,83.209,compensated
204,deny,46.333,denied
205,value,82.875,compensated
205,field,92.667,compensated
205,object,126.0,compensated
205,deny,103.833,denied
205,undoscope,149.083,compensated
205,mapped,114.417,compensated
205,snapshot,76.792,compensated
206,value,89.958,compensated
206,snapshot,93.208,compensated
206,object,72.875,compensated
206,deny,47.458,denied
206,undoscope,73.0,compensated
206,mapped,70.584,compensated
206,field,66.875,compensated
207,deny,61.5,denied
207,object,72.625,compensated
207,field,65.25,compensated
207,value,69.792,compensated
207,snapshot,73.25,compensated
207,mapped,71.667,compensated
207,undoscope,66.917,compensated
208,field,60.5,compensated
208,value,66.0,compensated
208,undoscope,66.708,compensated
208,object,67.291,compensated
208,deny,51.834,denied
208,snapshot,69.25,compensated
208,mapped,67.417,compensated
209,value,62.958,compensated
209,field,66.792,compensated
209,undoscope,66.75,compensated
209,object,73.292,compensated
209,mapped,66.708,compensated
209,snapshot,72.208,compensated
209,deny,42.542,denied
210,undoscope,63.75,compensated
210,mapped,65.209,compensated
210,deny,43.167,denied
210,field,75.209,compensated
210,value,66.75,compensated
210,snapshot,66.292,compensated
210,object,69.542,compensated
211,value,69.417,compensated
211,field,66.417,compensated
211,mapped,65.583,compensated
211,deny,50.208,denied
211,snapshot,82.958,compensated
211,object,73.0,compensated
211,undoscope,84.791,compensated
212,deny,43.75,denied
212,object,67.291,compensated
212,value,79.75,compensated
212,field,76.125,compensated
212,undoscope,68.042,compensated
212,mapped,65.5,compensated
212,snapshot,72.333,compensated
213,object,72.5,compensated
213,mapped,65.0,compensated
213,field,77.417,compensated
213,value,70.291,compensated
213,deny,46.792,denied
213,undoscope,73.458,compensated
213,snapshot,75.209,compensated
214,value,68.334,compensated
214,mapped,66.417,compensated
214,undoscope,60.708,compensated
214,object,66.667,compensated
214,deny,56.042,denied
214,field,64.75,compensated
214,snapshot,81.417,compensated
215,mapped,69.417,compensated
215,undoscope,66.958,compensated
215,deny,47.916,denied
215,field,62.875,compensated
215,value,66.875,compensated
215,snapshot,77.458,compensated
215,object,81.583,compensated
216,mapped,70.208,compensated
216,value,61.5,compensated
216,undoscope,60.542,compensated
216,deny,124.833,denied
216,field,110.5,compensated
216,snapshot,84.875,compensated
216,object,89.667,compensated
217,object,76.166,compensated
217,value,66.292,compensated
217,undoscope,73.375,compensated
217,field,83.75,compensated
217,mapped,66.458,compensated
217,deny,44.083,denied
217,snapshot,78.333,compensated
218,undoscope,73.0,compensated
218,object,71.792,compensated
218,snapshot,67.416,compensated
218,value,66.208,compensated
218,deny,40.125,denied
218,field,70.75,compensated
218,mapped,67.084,compensated
219,deny,40.667,denied
219,value,62.208,compensated
219,field,64.25,compensated
219,undoscope,63.208,compensated
219,object,67.25,compensated
219,snapshot,77.75,compensated
219,mapped,65.125,compensated
220,snapshot,67.5,compensated
220,object,66.459,compensated
220,value,60.167,compensated
220,field,66.292,compensated
220,undoscope,58.625,compensated
220,deny,40.5,denied
220,mapped,60.084,compensated
221,mapped,59.875,compensated
221,value,60.583,compensated
221,field,59.292,compensated
221,undoscope,70.042,compensated
221,deny,42.791,denied
221,object,64.667,compensated
221,snapshot,68.583,compensated
222,undoscope,57.875,compensated
222,mapped,57.792,compensated
222,value,58.208,compensated
222,object,62.167,compensated
222,deny,42.5,denied
222,snapshot,71.875,compensated
222,field,64.875,compensated
223,object,67.458,compensated
223,undoscope,58.083,compensated
223,deny,48.792,denied
223,field,66.708,compensated
223,snapshot,146.25,compensated
223,value,123.583,compensated
223,mapped,115.0,compensated
224,object,93.792,compensated
224,mapped,88.584,compensated
224,deny,61.375,denied
224,snapshot,70.625,compensated
224,value,84.5,compensated
224,field,64.5,compensated
224,undoscope,78.584,compensated
225,field,63.167,compensated
225,mapped,69.292,compensated
225,deny,45.542,denied
225,undoscope,68.458,compensated
225,value,77.042,compensated
225,snapshot,740.791,compensated
225,object,65.625,compensated
226,snapshot,78.334,compensated
226,deny,46.917,denied
226,object,60.208,compensated
226,field,70.5,compensated
226,value,67.125,compensated
226,mapped,63.334,compensated
226,undoscope,57.167,compensated
227,snapshot,63.0,compensated
227,mapped,59.0,compensated
227,field,62.708,compensated
227,value,59.834,compensated
227,object,60.417,compensated
227,deny,41.166,denied
227,undoscope,60.125,compensated
228,undoscope,62.667,compensated
228,mapped,63.208,compensated
228,field,76.834,compensated
228,object,86.792,compensated
228,value,119.542,compensated
228,snapshot,116.917,compensated
228,deny,102.375,denied
229,mapped,93.084,compensated
229,value,74.833,compensated
229,field,67.375,compensated
229,snapshot,74.583,compensated
229,undoscope,68.375,compensated
229,deny,47.625,denied
229,object,64.75,compensated
230,mapped,73.375,compensated
230,undoscope,65.458,compensated
230,deny,53.25,denied
230,value,113.5,compensated
230,field,78.042,compensated
230,object,78.042,compensated
230,snapshot,122.958,compensated
231,undoscope,68.416,compensated
231,deny,42.0,denied
231,object,68.458,compensated
231,value,154.083,compensated
231,mapped,98.875,compensated
231,field,120.958,compensated
231,snapshot,84.667,compensated
232,value,71.583,compensated
232,deny,59.333,denied
232,snapshot,79.334,compensated
232,mapped,93.625,compensated
232,undoscope,75.709,compensated
232,field,74.125,compensated
232,object,72.167,compensated
233,undoscope,67.167,compensated
233,mapped,66.125,compensated
233,object,65.125,compensated
233,deny,41.459,denied
233,snapshot,81.25,compensated
233,value,67.625,compensated
233,field,66.167,compensated
234,object,155.625,compensated
234,snapshot,121.833,compensated
234,mapped,97.75,compensated
234,deny,71.958,denied
234,value,81.458,compensated
234,field,69.875,compensated
234,undoscope,69.084,compensated
235,deny,44.25,denied
235,snapshot,71.959,compensated
235,undoscope,69.709,compensated
235,field,71.667,compensated
235,mapped,69.917,compensated
235,object,63.708,compensated
235,value,68.125,compensated
236,value,70.375,compensated
236,field,68.292,compensated
236,undoscope,62.792,compensated
236,mapped,69.458,compensated
236,object,69.5,compensated
236,snapshot,71.208,compensated
236,deny,53.167,denied
237,field,65.792,compensated
237,value,71.042,compensated
237,snapshot,68.333,compensated
237,undoscope,59.25,compensated
237,deny,53.375,denied
237,object,65.333,compensated
237,mapped,66.708,compensated
238,deny,50.125,denied
238,undoscope,71.5,compensated
238,object,64.75,compensated
238,snapshot,62.542,compensated
238,value,67.792,compensated
238,field,64.0,compensated
238,mapped,68.791,compensated
239,deny,47.291,denied
239,undoscope,74.834,compensated
239,snapshot,69.833,compensated
239,mapped,69.375,compensated
239,field,66.166,compensated
239,value,68.0,compensated
239,object,65.208,compensated
240,undoscope,1192.292,compensated
240,deny,64.917,denied
240,field,74.084,compensated
240,object,89.042,compensated
240,value,85.125,compensated
240,snapshot,77.792,compensated
240,mapped,73.666,compensated
241,undoscope,71.459,compensated
241,deny,42.042,denied
241,value,62.916,compensated
241,object,67.917,compensated
241,snapshot,91.209,compensated
241,mapped,74.166,compensated
241,field,61.125,compensated
242,undoscope,65.666,compensated
242,snapshot,77.75,compensated
242,object,70.125,compensated
242,mapped,83.625,compensated
242,value,99.667,compensated
242,deny,81.917,denied
242,field,144.542,compensated
243,mapped,91.792,compensated
243,deny,75.5,denied
243,snapshot,98.583,compensated
243,field,352.875,compensated
243,object,425.292,compensated
243,value,310.792,compensated
243,undoscope,101.125,compensated
244,undoscope,79.458,compensated
244,deny,56.25,denied
244,mapped,118.333,compensated
244,object,86.083,compensated
244,field,68.667,compensated
244,snapshot,78.375,compensated
244,value,67.875,compensated
245,undoscope,80.542,compensated
245,deny,52.0,denied
245,mapped,66.75,compensated
245,field,65.208,compensated
245,value,66.417,compensated
245,object,78.583,compensated
245,snapshot,83.041,compensated
246,mapped,71.042,compensated
246,snapshot,72.958,compensated
246,field,70.084,compensated
246,object,187.333,compensated
246,value,65.709,compensated
246,undoscope,75.667,compensated
246,deny,47.125,denied
247,value,64.458,compensated
247,field,76.875,compensated
247,undoscope,79.208,compensated
247,snapshot,88.042,compensated
247,object,68.209,compensated
247,deny,51.083,denied
247,mapped,64.666,compensated
248,snapshot,73.417,compensated
248,undoscope,71.208,compensated
248,deny,43.542,denied
248,mapped,68.917,compensated
248,value,70.791,compensated
248,field,70.584,compensated
248,object,66.959,compensated
249,mapped,77.625,compensated
249,snapshot,73.167,compensated
249,deny,48.834,denied
249,value,135.459,compensated
249,field,90.75,compensated
249,object,91.584,compensated
249,undoscope,69.291,compensated
